Date,Open,High,Low,Close,Volume
04-01-2020,127.7,130.23,125.5,128.81,"1,26,06,080"
05-01-2020,149.62,149.67,146.79,148.29,"73,08,960"
06-01-2020,147.29,148.34,146.01,147.19,"61,42,580"
07-01-2020,140.69,141.39,140.06,140.38,"61,75,020"
09-01-2020,153.87,154.08,150.07,151.52,"63,09,237"
10-01-2020,149.31,149.65,146.46,147.32,"64,57,808"
12-01-2020,146.29,149.13,145.86,147.45,"97,41,260"
01-02-2020,145.87,146.02,145.08,145.97,"56,34,469"
03-02-2020,134.78,140.13,134.01,140.02,"1,15,08,230"
04-02-2020,129.12,134,127.22,133.15,"1,15,94,460"
06-02-2020,147.06,148.35,146.12,148.25,"60,78,311"
07-02-2020,141.25,141.84,140.33,140.97,"51,52,238"
09-02-2020,150.79,154.33,149.25,153.83,"68,81,856"
10-02-2020,146.21,148.41,145.83,146.24,"54,85,602"
11-02-2020,138.98,139.01,137.49,138.69,"70,88,029"
12-02-2020,147.85,149.71,147.7,148.14,"77,45,516"
01-03-2020,143.5,145.37,143,144.28,"57,53,422"
02-03-2020,149.42,150.49,149.24,150.17,"57,65,413"
03-03-2020,140,140.99,133.1,135.59,"1,36,62,450"
04-03-2020,132.38,134.79,131.58,134.17,"1,00,71,180"
06-03-2020,148.52,149.14,146.45,148.65,"63,39,468"
08-03-2020,146.39,147.79,146.15,147.35,"40,79,755"
09-03-2020,154.83,155.47,148.3,149.55,"86,72,808"
11-03-2020,140.02,140.96,137.78,138.5,"63,62,978"
12-03-2020,148.04,149.58,147.69,149,"73,10,486"
02-04-2020,151.49,152.75,151.2,151.6,"65,41,584"
03-04-2020,137.68,143.64,137.14,143.48,"1,05,60,820"
05-04-2020,148.77,149.08,147.09,148.27,"71,98,409"
06-04-2020,146.8,148.37,145.58,146.73,"81,70,480"
08-04-2020,146.99,147.22,145.82,147.22,"41,62,154"
09-04-2020,150.17,150.95,147.13,148.59,"72,00,065"
11-04-2020,139.49,142.54,138.7,139.4,"1,02,63,520"
12-04-2020,149.79,150.31,149.27,150.27,"67,47,083"
02-05-2020,151.72,154.02,151.31,153.99,"59,80,013"
03-05-2020,140.8,142.68,139.84,142.01,"1,13,39,190"
05-05-2020,149,150.78,148.64,149.5,"65,62,288"
06-05-2020,147.69,149.64,146.6,147.3,"97,25,441"
08-05-2020,149.1,149.31,147.8,148.4,"54,93,196"
10-05-2020,147,148.38,146.42,148.23,"49,92,758"
11-05-2020,140.55,141.83,139.26,139.76,"80,16,160"
01-06-2020,144,144.2,142.85,144.1,"77,31,435"
02-06-2020,154.25,154.5,152.74,153.53,"62,01,257"
03-06-2020,138.48,143.01,137.41,142.03,"1,22,39,090"
04-06-2020,137.01,140.97,135.54,139.76,"1,49,04,500"
05-06-2020,150,150.32,148.04,148.08,"61,91,594"
07-06-2020,142.17,143.77,141.88,142.98,"61,56,354"
08-06-2020,148.4,149.25,146.5,147.55,"48,37,865"
10-06-2020,148.28,148.61,145.87,146.26,"51,18,212"
11-06-2020,140.4,143.19,139.65,142.25,"59,42,538"
01-07-2020,144.01,145.45,141.38,144.98,"73,89,034"
02-07-2020,153.34,153.46,151.55,151.89,"57,00,295"
04-07-2020,139.86,142.03,137.26,137.48,"1,15,67,070"
05-07-2020,149.37,149.53,147.13,147.59,"55,71,034"
07-07-2020,141.39,143.97,141.23,142.85,"56,22,609"
08-07-2020,147.51,148.65,147.15,148.6,"36,35,071"
10-07-2020,146.49,148.23,145.81,147.88,"56,03,123"
12-07-2020,149.35,149.91,148.51,148.97,"66,34,743"
01-08-2020,144.87,145.98,143.7,144.96,"66,05,775"
04-08-2020,137.75,144.13,137.3,143.26,"1,07,58,180"
05-08-2020,148.92,149.18,147.89,148.7,"47,12,477"
06-08-2020,145.88,147.61,145.74,146.77,"75,55,622"
07-08-2020,142.87,143.39,141.7,143.27,"62,57,537"
09-08-2020,150.25,150.89,146.9,147.26,"87,56,842"
10-08-2020,148.5,149.85,148.04,148.89,"44,13,531"
12-08-2020,150,152.14,149.55,151.55,"83,39,847"
01-09-2020,145.76,146.03,144.99,145.39,"61,12,783"
03-09-2020,136.33,139.68,134.9,136.44,"1,38,48,570"
04-09-2020,144.01,145.42,140.28,141.23,"1,11,27,210"
06-09-2020,148.25,149.33,145.65,145.96,"82,47,233"
07-09-2020,142.76,144.43,140.58,142.49,"57,38,564"
09-09-2020,148.15,151.1,148.12,149.7,"69,60,668"
10-09-2020,149.65,151.48,149.45,150.97,"50,54,116"
11-09-2020,148.43,148.99,144.92,146.08,"1,23,51,640"
12-09-2020,152.83,153.5,151.76,153.1,"84,40,069"
01-10-2020,145.75,146.18,144.9,145.06,"50,42,668"
02-10-2020,151.68,151.91,150.89,151.86,"48,36,002"
03-10-2020,139.97,141.95,134.23,141.64,"1,26,98,070"
06-10-2020,146.6,150.03,146.6,147.8,"1,01,37,070"
07-10-2020,142.75,142.87,141.43,142.37,"42,82,406"
08-10-2020,148.86,149.01,147.72,148.03,"40,96,620"
09-10-2020,149.25,149.78,146.52,146.91,"61,91,800"
11-10-2020,147.25,148.75,146.26,148.28,"73,86,462"
12-10-2020,152.82,152.98,151.68,152.25,"73,92,928"
02-11-2020,152.29,152.38,151.54,151.99,"37,15,389"
03-11-2020,138.09,138.75,131.5,131.8,"1,77,68,061"
05-11-2020,148.45,150.1,148.12,149.11,"58,87,489"
06-11-2020,148.58,149.17,140.75,140.87,"1,19,13,270"
08-11-2020,149.14,149.23,146.37,146.97,"63,88,389"
09-11-2020,147.05,148.53,146.63,147.78,"39,34,691"
11-11-2020,149.17,149.2,146.86,147.8,"63,82,407"
12-11-2020,151.53,153.41,151.23,152.95,"59,73,255"
02-12-2020,151.87,152.15,150.92,151.09,"51,67,069"
03-12-2020,127.31,133.77,124.5,125.41,"2,15,39,199"
05-12-2020,150.1,150.34,147.03,147.14,"70,39,227"
06-12-2020,142.84,143.71,140.28,142.15,"86,87,356"
08-12-2020,147.54,150.24,147.49,149.66,"52,58,127"
10-12-2020,151.6,153.14,151.02,151.84,"72,73,170"
11-12-2020,147.61,148.65,146.75,148.3,"47,12,177"
01/13/2020,145.48,145.79,144.72,145.7,"45,93,819"
01/14/2020,145.05,146.61,144.73,146.52,"70,38,779"
01/15/2020,146.4,147.4,146.24,147.01,"49,60,460"
01/16/2020,147.42,148.84,146.2,148.2,"64,76,379"
01/17/2020,148.41,149.41,147.93,149.17,"90,83,838"
01/21/2020,148.58,150.17,148.5,149.27,"95,43,905"
01/22/2020,146.7,149.18,146,148.25,"1,03,05,330"
01/23/2020,148.04,148.77,146.76,148.53,"86,71,988"
01/24/2020,148.58,148.95,147.93,148.32,"90,51,933"
01/27/2020,147.52,149.46,147,148.75,"75,87,103"
01/28/2020,148.46,150.57,148.15,149.5,"73,36,636"
01/29/2020,149.45,151.19,149.13,150.54,"62,88,760"
01/30/2020,150.03,150.51,149.05,150.36,"64,70,584"
01/31/2020,149.75,150,148.64,148.87,"86,51,930"
02/13/2020,150.16,151.05,149.88,150.09,"54,80,225"
02/14/2020,150.56,150.64,149.15,150.13,"57,16,549"
02/18/2020,150.47,150.74,149.06,149.14,"72,31,010"
02/19/2020,149.21,149.76,148.58,148.94,"61,15,220"
02/20/2020,148.61,149.38,147.4,148.37,"74,65,047"
02/21/2020,148.09,150.24,147.54,149.93,"77,76,835"
02/24/2020,146.5,149,145.25,145.91,"1,05,89,200"
02/25/2020,145.99,146.75,143.83,144.65,"1,05,29,370"
02/26/2020,145.35,146.22,143.59,143.68,"1,00,94,400"
02/27/2020,142.56,144.77,138.95,139.12,"1,25,66,710"
02/28/2020,135.36,137.29,130.82,134.48,"1,98,25,529"
03/13/2020,129.32,134.92,124.65,134.29,"2,00,84,150"
03/16/2020,123.57,133.76,122.43,127.13,"1,88,77,920"
03/17/2020,128.55,136.77,127.81,136.59,"1,89,11,760"
03/18/2020,131.02,135.67,128.71,134.96,"1,75,21,131"
03/19/2020,134.99,134.99,126.15,127.05,"1,84,82,340"
03/20/2020,126.83,127.44,118.13,119.89,"1,97,85,131"
03/23/2020,117,118.56,109.16,111.14,"2,08,15,230"
03/24/2020,118.76,119.65,113.86,119.18,"1,76,04,770"
03/25/2020,118.91,123.96,116.7,119.4,"1,39,86,050"
03/26/2020,120.57,127.1,120.38,126.57,"1,50,68,650"
03/27/2020,121.65,127.62,120.58,123.16,"1,21,33,220"
03/30/2020,128.46,133.99,127.5,133.01,"2,17,54,029"
03/31/2020,134.99,135.71,130.05,131.13,"1,57,46,120"
04/13/2020,140,141.49,137.84,139.77,"81,53,228"
04/14/2020,145.42,147.42,144.05,146.03,"1,38,38,020"
04/15/2020,145.55,147.91,143.54,147.66,"1,19,62,260"
04/16/2020,148.31,150.68,146.44,149.67,"1,21,81,700"
04/17/2020,151.99,152.3,149.6,152.02,"1,09,20,020"
04/20/2020,150.93,153,150.09,151.67,"1,22,26,200"
04/21/2020,150.12,151.64,148.57,149.68,"99,51,106"
04/22/2020,152.81,155,151.73,152.99,"1,15,18,320"
04/23/2020,154.25,157,153.7,155.51,"1,06,65,020"
04/24/2020,155.57,156.3,153.64,154.86,"86,54,126"
04/27/2020,154.81,156.05,154,154.29,"89,24,048"
04/28/2020,151.25,153.1,150.7,151.39,"85,58,719"
04/29/2020,151.38,151.63,149.16,150.24,"92,85,216"
04/30/2020,148.46,150.43,147.16,150.04,"1,48,29,600"
05/13/2020,146.08,148.95,146.01,147.13,"69,70,457"
05/14/2020,145.39,147.76,144.26,147.64,"68,71,412"
05/15/2020,147.87,150.48,145.66,150.44,"1,03,40,400"
05/18/2020,152.49,153.62,150.46,150.52,"73,89,995"
05/19/2020,150.1,151.1,148.4,149.02,"61,07,256"
05/20/2020,149.75,150.39,147.27,147.68,"57,13,440"
05/21/2020,148.5,148.5,145.82,146.71,"64,87,343"
05/22/2020,144.57,146.29,144.06,144.37,"61,40,899"
05/26/2020,146.19,146.44,144.3,144.56,"70,72,258"
05/27/2020,144.32,145.25,143.01,144.89,"79,50,008"
05/28/2020,146.02,148.11,145.81,146.97,"61,90,582"
05/29/2020,147.96,149.35,145.33,148.75,"85,05,215"
06/15/2020,141,142.4,139.39,141.25,"86,55,014"
06/16/2020,144.09,145.42,142.77,144.46,"75,82,631"
06/17/2020,144.9,145.42,143.47,144.02,"51,00,095"
06/18/2020,142.52,144.12,141.87,143.41,"47,97,449"
06/19/2020,145.79,145.88,143.25,143.83,"1,21,94,090"
06/22/2020,143.47,143.66,142.03,143.39,"52,85,631"
06/23/2020,143.74,144.08,142.68,142.86,"59,21,594"
06/24/2020,141.49,142.19,138.72,139.82,"82,11,239"
06/25/2020,140.57,140.57,137.54,139.67,"74,21,160"
06/26/2020,139.53,139.6,137.02,137.81,"1,28,49,740"
06/29/2020,138.74,139.7,137.98,139.04,"53,09,797"
06/30/2020,139.4,141.02,137.84,140.63,"77,38,296"
07/13/2020,143.61,146.64,143.28,145.21,"69,51,941"
07/14/2020,145.32,148.39,145.26,147.92,"74,47,125"
07/15/2020,149.73,150.21,148.23,148.26,"85,12,838"
07/16/2020,148.68,149.34,146.68,149.25,"93,04,669"
07/17/2020,150,150.58,148.69,149.35,"74,44,124"
07/20/2020,150.23,150.32,148.43,149.6,"61,91,457"
07/21/2020,149.6,151.67,149.5,149.74,"55,79,687"
07/22/2020,149.93,150.41,147.85,150.01,"59,10,193"
07/23/2020,150.21,150.85,149.28,149.61,"65,66,269"
07/24/2020,150.5,150.6,147.03,148.12,"54,05,867"
07/27/2020,147.37,148.92,146.86,147.18,"56,75,155"
07/28/2020,147.4,147.99,146.75,146.83,"48,42,184"
07/29/2020,146.39,147.47,146.07,146.54,"44,89,147"
07/30/2020,147.44,147.5,146.14,146.84,"59,22,481"
07/31/2020,146.66,147.45,143.96,145.76,"82,57,997"
08/13/2020,148.54,149.19,147.53,148,"51,55,457"
08/14/2020,147.61,149.34,147.58,148.24,"42,40,189"
08/17/2020,148.32,150.23,148.23,148.99,"43,06,909"
08/18/2020,149.26,150.1,148.57,150.09,"43,22,567"
08/19/2020,149.58,151.58,149.32,150.39,"78,16,251"
08/20/2020,149.75,151.58,149.55,151.42,"48,74,739"
08/21/2020,151.78,153.65,150.59,152.76,"67,22,759"
08/24/2020,152.74,152.9,150.35,152.15,"53,87,937"
08/25/2020,152.78,153.07,151.54,152.06,"38,63,477"
08/26/2020,151.86,152.65,150.64,152.3,"80,08,292"
08/27/2020,152.42,153.26,151.89,152.98,"55,75,432"
08/28/2020,152.74,153.7,151.9,153.64,"53,95,684"
08/31/2020,153,154.4,152.26,153.41,"63,62,683"
09/14/2020,148.12,149.47,148.01,148.35,"43,75,798"
09/15/2020,149.45,150.59,148.52,148.89,"36,59,221"
09/16/2020,149.39,150.06,148.35,148.4,"43,23,502"
09/17/2020,148.04,148.63,146.05,147.17,"54,61,414"
09/18/2020,146.51,149.65,146.2,149.18,"1,21,74,040"
09/21/2020,147.58,147.93,142.96,145.1,"75,74,501"
09/22/2020,144.69,145.35,143.72,144.21,"52,95,917"
09/23/2020,147.48,147.55,144.38,144.44,"87,84,436"
09/24/2020,144.56,145.25,143.34,144.67,"56,14,844"
09/25/2020,144,146.25,143.89,145.66,"55,31,209"
09/28/2020,146.73,148.29,146.42,147.11,"58,43,189"
09/29/2020,147.6,147.92,146.06,147.06,"67,71,016"
09/30/2020,147.45,149.73,146.84,148.88,"84,87,691"
10/13/2020,149,150.12,147.77,148.36,"1,10,57,570"
10/14/2020,148.82,149.03,147.39,148.1,"77,07,047"
10/15/2020,147.48,147.9,146.33,147.19,"59,79,015"
10/16/2020,147.6,148.76,147.01,148.1,"60,98,404"
10/19/2020,148.53,148.9,144.13,144.32,"72,50,755"
10/20/2020,144.66,145.75,144.12,144.55,"53,26,540"
10/21/2020,144.12,145.34,143.91,143.93,"52,21,348"
10/22/2020,144.16,145.69,143.84,145.08,"52,80,253"
10/23/2020,145.88,147.47,144.35,145.24,"41,54,372"
10/26/2020,144.43,144.77,142.75,143.97,"69,29,472"
10/27/2020,143.74,144.29,142.92,143.15,"48,90,064"
10/28/2020,141.43,141.98,138.18,138.36,"84,26,065"
10/29/2020,138,138.7,136.05,137.19,"72,05,409"
10/30/2020,136.68,137.54,133.65,137.11,"73,64,752"
11/13/2020,149.09,150.41,148.41,149.9,"58,96,537"
11/16/2020,150.92,151.3,149.8,150.85,"62,66,384"
11/17/2020,150,150.63,149.12,149.35,"72,97,736"
11/18/2020,148.87,149.76,147.37,147.37,"66,61,008"
11/19/2020,147.3,147.46,145.59,147.14,"79,87,716"
11/20/2020,147.05,147.94,146.13,146.36,"63,56,142"
11/23/2020,146.01,146.01,143.04,143.87,"73,18,255"
11/24/2020,144,144.77,143.61,143.87,"1,10,38,820"
11/25/2020,144.06,144.17,142.86,143.68,"75,94,618"
11/27/2020,144.5,144.66,143.22,144,"30,59,001"
11/30/2020,144.23,144.86,143.06,144.68,"1,56,63,240"
12/14/2020,153.25,153.48,148.99,149.07,"85,47,296"
12/15/2020,150,150.75,149.53,150.57,"76,14,746"
12/16/2020,150.2,150.92,149.55,149.67,"84,86,069"
12/17/2020,150.09,153.89,149.96,153.62,"99,20,312"
12/18/2020,153.65,155.1,151.67,154.51,"1,71,37,230"
12/21/2020,152.01,153.41,150.05,153.02,"78,93,359"
12/22/2020,152.4,153.9,151.86,152.72,"47,03,185"
12/23/2020,152.8,153.6,151.9,151.94,"46,07,275"
12/24/2020,151.85,153.04,151.82,152.47,"21,14,901"
12/28/2020,153.32,153.87,152.3,153.19,"38,55,466"
12/29/2020,154.11,154.93,153.8,154.14,"52,11,972"
12/30/2020,154.74,156.38,154.6,156.05,"54,12,775"
12/31/2020,156.53,157.66,155.11,157.38,"50,99,880"
02-01-2021,165.31,165.31,162.6,162.71,"99,71,395"
03-01-2021,161.45,161.53,159.09,159.32,"1,05,51,380"
04-01-2021,162.6,163.84,162.26,162.83,"72,29,717"
06-01-2021,170.15,170.2,165.38,165.53,"1,04,48,370"
07-01-2021,164.74,166.01,164.63,165.96,"63,20,173"
09-01-2021,172.9,173.74,172.06,173.74,"53,27,351"
10-01-2021,161.53,161.9,158.62,160.47,"85,68,560"
11-01-2021,163.16,163.98,159.4,163.02,"58,46,426"
12-01-2021,156.88,160.08,156.25,158.08,"98,36,412"
02-02-2021,163.38,163.66,161.18,161.25,"1,14,43,250"
03-02-2021,159.78,160.78,158.6,159.02,"76,10,885"
06-02-2021,165.3,166.73,165.11,166.2,"68,06,032"
07-02-2021,166.02,169.3,165.64,168.98,"90,60,270"
08-02-2021,172.47,172.84,171.3,172.27,"37,21,473"
09-02-2021,174.34,175.19,173.91,174.93,"45,45,449"
11-02-2021,163.7,166.98,162.98,165.59,"84,50,626"
12-02-2021,157.26,159.29,156.75,157.09,"1,13,34,740"
02-03-2021,160.94,161.52,159.57,160.5,"86,01,883"
03-03-2021,158.25,158.9,156.06,156.22,"84,99,626"
05-03-2021,163.6,165.32,163.12,165.21,"65,94,230"
06-03-2021,165.89,167.15,165.71,166.04,"58,09,122"
08-03-2021,172.73,174.5,172.44,174.39,"60,32,998"
09-03-2021,175.1,175.22,173.81,175.04,"40,97,512"
11-03-2021,165.04,165.77,163.43,165.06,"67,17,787"
12-03-2021,157.91,159.67,157.59,159.38,"87,50,521"
01-04-2021,157.24,157.38,154.13,156.5,"1,17,65,870"
02-04-2021,161,162.09,159.76,161.99,"77,58,128"
03-04-2021,155.99,156.1,151.47,153.07,"1,10,33,180"
05-04-2021,164.83,167.85,164.67,167.77,"1,01,79,540"
06-04-2021,167.01,167.57,165.87,165.97,"65,10,480"
08-04-2021,174.2,174.59,173.26,173.36,"47,93,117"
10-04-2021,159.99,161,157.67,159.22,"86,21,017"
11-04-2021,164.94,164.99,162.67,164.6,"82,24,377"
01-05-2021,156.25,158.76,155.07,158.34,"96,02,290"
02-05-2021,164.86,165.44,163.86,164.45,"94,95,309"
03-05-2021,153.98,156.69,153.13,156.1,"83,31,633"
04-05-2021,163.64,164.75,162.66,163.43,"73,87,123"
05-05-2021,167.5,168.4,166.79,167.07,"77,92,231"
08-05-2021,173.85,173.85,172.42,173.69,"42,91,332"
10-05-2021,159.86,161.11,159.15,159.58,"51,29,033"
11-05-2021,162.48,164.6,162.2,163.43,"62,15,911"
01-06-2021,157.24,160.23,156.72,159.83,"82,30,086"
04-06-2021,164.08,164.52,163,163.39,"50,74,239"
05-06-2021,166.79,167.89,166.24,167.74,"55,29,946"
07-06-2021,167.91,168.86,166.99,167.97,"60,98,526"
08-06-2021,173.94,173.94,172.45,173.11,"45,81,065"
10-06-2021,159.87,159.95,157.84,159.91,"73,12,649"
12-06-2021,160.19,163.52,159.83,162.94,"96,92,041"
01-07-2021,159,161.03,158.35,160.37,"77,47,161"
04-07-2021,163.55,164.28,163.32,163.61,"46,08,010"
05-07-2021,168.3,169.18,167.83,168.5,"53,16,209"
06-07-2021,166,166.32,164.63,164.84,"53,62,781"
07-07-2021,167.48,169.5,167.48,169.41,"62,93,581"
09-07-2021,174.35,175.03,171.67,172.32,"68,59,871"
10-07-2021,160.02,162.61,160.02,161.34,"53,09,181"
12-07-2021,164,164.27,162.41,163.36,"83,11,254"
01-08-2021,160.51,161.1,159.88,160.04,"82,28,938"
02-08-2021,165.03,165.92,163.88,164.92,"60,35,341"
03-08-2021,157,159.33,155.98,157.4,"65,46,688"
04-08-2021,164,164.11,162.85,162.97,"50,39,397"
06-08-2021,165.28,165.66,162.07,163.39,"77,46,805"
07-08-2021,168.7,169.46,167.58,169.08,"57,55,679"
09-08-2021,171.62,172.98,171.08,171.9,"46,61,733"
10-08-2021,161.32,161.61,160.25,160.93,"43,43,438"
11-08-2021,163.68,164.17,162.01,162.87,"55,79,037"
12-08-2021,163.47,164.57,162.64,164.34,"62,16,391"
02-09-2021,165.2,166.59,164.97,166.27,"55,44,214"
03-09-2021,156.89,160.75,156.89,157.7,"74,61,267"
04-09-2021,162.12,162.93,159.78,161.25,"84,18,332"
06-09-2021,163.99,165.78,163.66,165.59,"55,52,600"
07-09-2021,169.37,170.37,169.24,169.75,"61,20,925"
08-09-2021,173.72,174.25,172.93,173.71,"39,50,185"
09-09-2021,171.19,171.48,167.7,168.07,"71,14,577"
11-09-2021,162.61,163.59,162.02,162.51,"61,12,777"
12-09-2021,164.18,165.98,163.49,165.9,"85,74,177"
02-10-2021,167.89,167.94,165.7,166.81,"59,21,312"
03-10-2021,158.82,159.9,157.36,159.15,"66,35,577"
05-10-2021,169.9,171.53,169.23,170.27,"83,57,486"
06-10-2021,166,167.58,165.95,167.08,"64,63,322"
08-10-2021,173.26,174.11,172.78,173.77,"36,78,454"
09-10-2021,168.55,169.09,166.87,166.97,"66,99,315"
11-10-2021,162.53,164.84,162.35,164.27,"62,25,098"
12-10-2021,165.57,166.69,164.65,165.49,"65,72,247"
01-11-2021,160.56,161.32,158.77,159.37,"70,68,176"
02-11-2021,167,167.38,165.6,166.06,"48,71,250"
03-11-2021,159.54,160.63,158.92,159.14,"63,05,584"
05-11-2021,170.65,170.87,168.28,168.88,"82,17,953"
06-11-2021,167.07,167.08,164.22,164.96,"73,89,922"
08-11-2021,174.25,174.47,173.56,173.8,"42,21,298"
10-11-2021,160.86,161.86,159.94,160.25,"41,01,646"
11-11-2021,163.49,163.81,162.49,163.06,"41,18,791"
01-12-2021,159.15,159.66,157.33,158.13,"69,03,189"
02-12-2021,164.4,166.85,164,166.58,"44,13,066"
03-12-2021,159.28,160.31,159.19,159.6,"54,74,849"
04-12-2021,161.09,162.08,160.34,161.64,"50,23,037"
05-12-2021,168.54,169.8,167.95,168.2,"67,58,316"
07-12-2021,169.73,171.18,168.54,169.48,"78,40,452"
08-12-2021,173.82,175.29,173.59,175.2,"43,01,392"
10-12-2021,160,160.18,157.34,157.69,"66,86,443"
11-12-2021,167.43,167.62,164.61,165.01,"1,89,95,211"
01/13/2021,158.23,158.46,156.75,157.89,"66,43,065"
01/14/2021,160.45,161.95,159.61,160.65,"1,00,30,790"
01/15/2021,160.3,161.41,159.11,160.3,"76,30,813"
01/19/2021,162,163.04,161.1,162.78,"90,57,555"
01/20/2021,163.2,164.14,161.8,162.38,"68,39,850"
01/21/2021,161.32,162.48,160.06,161.73,"68,22,770"
01/22/2021,162.36,165.16,161.87,163.55,"81,37,018"
01/25/2021,165.01,166.09,163.66,165.98,"99,24,438"
01/26/2021,169.7,173.65,169.39,170.48,"1,42,05,690"
01/27/2021,169.12,170.92,167.45,167.88,"1,42,07,290"
01/28/2021,168.2,170.86,167.8,169.16,"89,44,399"
01/29/2021,164.26,166,160.55,163.13,"2,25,05,859"
02/16/2021,166.58,167.05,164.64,165.07,"56,56,092"
02/17/2021,164.97,166.09,164.36,165.66,"66,80,909"
02/18/2021,164.96,166.16,164.3,165.74,"51,91,590"
02/19/2021,165.6,165.96,162.91,162.98,"81,90,883"
02/22/2021,161.87,162.54,160.29,161.87,"64,47,105"
02/23/2021,161.48,163.19,160.4,160.44,"70,42,829"
02/24/2021,162.4,164.39,160.92,162.59,"1,02,86,110"
02/25/2021,163.13,163.7,161.99,162.76,"97,19,715"
02/26/2021,162,162.41,157.97,158.46,"1,44,17,550"
03/15/2021,159.75,160.66,158.5,160.42,"55,26,008"
03/16/2021,160.46,161.68,160.24,161.37,"63,69,144"
03/17/2021,160.83,161.73,159.53,160.77,"60,01,421"
03/18/2021,160.21,161.49,159.96,160.47,"48,01,794"
03/19/2021,160.69,161.5,159.47,160.04,"1,48,91,520"
03/22/2021,158.31,160.65,158,160.5,"75,44,052"
03/23/2021,160.21,161.2,158.88,160.35,"71,78,323"
03/24/2021,160.1,162.48,159.82,161.91,"63,70,143"
03/25/2021,162.44,162.45,160.64,161.97,"62,69,774"
03/26/2021,162.09,165.1,161.38,164.93,"76,19,247"
03/29/2021,163.83,167.03,163.63,166.04,"85,35,084"
03/30/2021,165.02,165.66,164.23,165.01,"72,36,347"
03/31/2021,164.96,165.39,163.7,164.35,"82,81,521"
04/13/2021,156.86,159.93,156.53,159.48,"1,84,24,080"
04/14/2021,157.83,160.11,157.54,159.92,"77,18,321"
04/15/2021,160.72,162.39,160.23,160.39,"75,24,568"
04/16/2021,161.34,162.51,160.56,162.24,"90,49,432"
04/19/2021,162.5,163.11,160.84,162.69,"83,53,528"
04/20/2021,161,167.79,161,166.48,"1,40,50,660"
04/21/2021,166.37,166.91,165.29,166.59,"63,33,210"
04/22/2021,165.84,166.28,164.62,165.18,"72,32,981"
04/23/2021,164.53,166.06,164,165.52,"60,33,245"
04/26/2021,165.21,165.41,163.76,164.12,"60,27,788"
04/27/2021,163.76,163.91,162.47,163.18,"62,17,651"
04/28/2021,162.86,163.2,161.65,161.98,"74,48,016"
04/29/2021,161.9,164.26,161.81,164.2,"63,94,287"
04/30/2021,164.15,164.33,162.52,162.73,"90,79,081"
05/13/2021,166.97,170.7,166.97,169.96,"80,18,910"
05/14/2021,171.48,171.61,170.17,170.22,"57,97,704"
05/17/2021,170.4,171.89,170.31,170.39,"57,20,954"
05/18/2021,169.98,171.37,169.53,170.45,"58,45,985"
05/19/2021,169.91,170.16,168.04,170.08,"55,33,788"
05/20/2021,169.94,171.59,169.69,171.07,"48,53,192"
05/21/2021,171.33,172.74,170.87,170.96,"65,01,751"
05/24/2021,170.9,171.35,169.77,170.55,"51,95,384"
05/25/2021,170.67,171.03,169.74,170.08,"74,44,857"
05/26/2021,170,170.08,168.28,169.07,"57,26,683"
05/27/2021,169.26,170.17,168.38,168.81,"81,14,708"
05/28/2021,169.52,171.01,169.17,169.25,"64,01,011"
06/14/2021,164.5,165.46,163.9,165.37,"49,31,297"
06/15/2021,165.23,165.86,164.39,164.49,"50,63,027"
06/16/2021,164.8,165.75,163.48,164.43,"69,88,477"
06/17/2021,164.19,165.7,163.5,165.22,"58,74,962"
06/18/2021,163.27,164.19,161.79,161.98,"1,29,93,020"
06/21/2021,162.77,164.26,162.25,163.84,"65,92,400"
06/22/2021,163.71,164.04,163.28,163.62,"56,27,795"
06/23/2021,163.69,163.69,162.48,162.63,"44,93,351"
06/24/2021,163.27,164.2,162.8,163.37,"45,49,234"
06/25/2021,162.94,164.78,162.89,164.21,"1,09,63,810"
06/28/2021,164.44,165.07,163.52,164.02,"56,04,009"
06/29/2021,164,164.64,163.41,164.03,"37,49,744"
06/30/2021,164,164.97,163.67,164.74,"61,51,745"
07/13/2021,168.97,169.76,168.67,169.27,"46,91,233"
07/14/2021,170,170.83,169.04,170.42,"61,62,925"
07/15/2021,169.3,169.9,167.72,168.37,"66,56,878"
07/16/2021,168.34,169.09,167.95,168.1,"58,35,263"
07/19/2021,166.48,168.19,165.32,166.88,"82,20,113"
07/20/2021,166.9,170.81,166.84,168.45,"99,02,815"
07/21/2021,169.3,169.69,167.48,169.49,"75,85,479"
07/22/2021,169.36,171.07,168.65,169.98,"52,81,948"
07/23/2021,171,172.18,170.38,171.79,"50,15,073"
07/26/2021,171.82,172.14,170.86,171.87,"44,85,035"
07/27/2021,171.8,172.72,170.67,172.66,"70,89,269"
07/28/2021,172.73,173.38,172.08,172.18,"57,50,714"
07/29/2021,172.74,173.34,171.09,172.18,"42,14,059"
07/30/2021,172.54,172.98,171.84,172.2,"53,46,742"
08/13/2021,175.29,176.29,175.12,176.25,"58,82,102"
08/16/2021,176.55,177.89,175.95,177.84,"47,83,192"
08/17/2021,177.31,179.51,177.31,179.47,"60,41,881"
08/18/2021,179.5,179.5,177.13,177.19,"71,34,094"
08/19/2021,176.62,179.33,176.07,178.57,"56,15,038"
08/20/2021,178.89,179.92,178.07,179.44,"54,28,729"
08/23/2021,178.39,178.93,177.54,177.61,"64,61,676"
08/24/2021,176.99,177.21,175.28,175.39,"57,34,824"
08/25/2021,175.69,175.9,173.89,174.23,"57,00,289"
08/26/2021,173.95,174.72,173.05,173.3,"50,31,639"
08/27/2021,174.28,174.28,172.75,172.93,"70,46,079"
08/30/2021,172.79,174.28,172.78,173.66,"32,53,006"
08/31/2021,173.49,174.49,172.48,173.13,"71,06,790"
09/13/2021,167.92,168.12,165.13,165.8,"62,73,506"
09/14/2021,166.4,166.54,164.51,164.8,"52,59,559"
09/15/2021,165,165.96,164.31,165.42,"79,35,279"
09/16/2021,165.65,166.46,164.19,165.22,"56,65,537"
09/17/2021,164.3,164.91,163.56,164.75,"1,34,22,110"
09/20/2021,163.48,165.17,162.17,163.81,"72,71,017"
09/21/2021,164.61,165.98,164.24,164.53,"66,63,566"
09/22/2021,165.35,165.95,163.63,163.93,"56,57,126"
09/23/2021,164.4,165.77,164.15,164.86,"46,97,939"
09/24/2021,164.75,165.65,163.89,164.36,"43,99,614"
09/27/2021,164,164.36,162.85,163.17,"57,75,461"
09/28/2021,163.1,163.91,161.77,162.81,"76,10,354"
09/29/2021,163,164.66,162.78,164.02,"51,24,102"
09/30/2021,164.64,165.4,161.41,161.5,"69,74,317"
10/13/2021,157.82,160.08,157.75,159.2,"69,01,589"
10/14/2021,159.71,161.14,159.6,160.11,"45,80,894"
10/15/2021,161.03,161.81,160.41,161.3,"69,18,407"
10/18/2021,160.25,160.89,159.2,160.12,"74,65,461"
10/19/2021,160.9,165.15,160.73,163.87,"1,00,81,290"
10/20/2021,163.98,164.75,163.26,163.78,"60,03,177"
10/21/2021,164.3,164.39,162.28,163.4,"45,24,127"
10/22/2021,163.06,164.06,162.96,163.72,"43,04,467"
10/25/2021,163.72,164.31,161.71,164.08,"67,15,399"
10/26/2021,164.56,166.03,164.05,165.75,"69,39,057"
10/27/2021,165.68,165.76,163.31,163.74,"70,18,787"
10/28/2021,163.77,165.2,162.32,162.85,"62,78,844"
10/29/2021,162.35,163.25,160.61,162.88,"85,26,806"
11/15/2021,165,165.46,163.22,163.52,"74,96,205"
11/16/2021,163.18,164.35,162.62,162.67,"75,94,717"
11/17/2021,162.87,163.86,161.79,163.28,"54,14,474"
11/18/2021,163.45,164.47,162.13,162.4,"63,59,664"
11/19/2021,163.04,163.19,161.78,162.89,"76,28,928"
11/22/2021,161.03,162.64,159.65,159.7,"76,42,322"
11/23/2021,159.52,161,158.78,160.69,"77,35,770"
11/24/2021,160.14,160.62,159.38,160.24,"52,30,887"
11/26/2021,160.6,161.16,158.66,159.2,"85,23,072"
11/29/2021,159.5,160.42,158.42,159.75,"91,88,537"
11/30/2021,158.51,159,155.85,155.93,"1,49,81,660"
12/13/2021,164.75,169.2,163.8,168.45,"1,11,42,280"
12/14/2021,168.33,170.97,167.16,170.29,"1,04,82,430"
12/15/2021,169.85,171.3,169.42,171.14,"85,52,246"
12/16/2021,171.26,173.51,170.84,173.01,"89,98,582"
12/17/2021,169.64,170.78,167.66,168.23,"1,67,32,020"
12/20/2021,167.81,168.51,166.55,167.75,"79,54,532"
12/21/2021,168.06,168.1,165.98,167.21,"79,54,249"
12/22/2021,167.06,168.17,166.12,167.93,"41,78,361"
12/23/2021,167.88,168.95,167.36,168.25,"35,01,450"
12/27/2021,169.14,169.85,168.7,169.67,"37,05,063"
12/28/2021,169.79,170.64,169.59,170.35,"31,87,062"
12/29/2021,170,171.99,169.91,171.55,"36,61,968"
12/30/2021,172.12,172.88,171.75,172.31,"42,31,812"
12/31/2021,172.53,172.68,171.03,171.07,"44,09,475"
02-01-2022,171.74,171.98,169.43,170.88,"81,54,721"
03-01-2022,163.04,164.75,162.41,164,"87,37,846"
04-01-2022,177.05,178.43,175.6,178.19,"65,25,643"
02-02-2022,169.65,172.99,169.65,172.77,"73,82,821"
03-02-2022,164.41,167.63,164.04,166.04,"67,93,377"
05-02-2022,180.47,181.41,177.03,178.64,"71,45,420"
01-03-2022,170.21,171.6,169.1,171.54,"60,12,777"
02-03-2022,172.26,173.62,171.04,172.76,"62,40,613"
03-03-2022,166.7,169.34,166.32,168.48,"73,33,736"
05-03-2022,178.8,180.63,177.68,178.29,"58,98,660"
01-04-2022,171.06,172.29,170.6,171.08,"67,48,363"
02-04-2022,171,172.98,170.12,171.63,"63,92,155"
03-04-2022,167.64,169.86,166.85,169.48,"63,02,672"
04-04-2022,178.19,178.19,175.52,176.47,"68,60,771"
05-04-2022,178.15,180.5,177.15,180.2,"59,23,144"
01-05-2022,172,173.47,171.62,172.22,"70,16,099"
04-05-2022,176.47,179.65,176.29,177.61,"74,46,074"
05-05-2022,179.42,179.71,175.27,176.76,"70,89,184"
01-06-2022,172.15,172.5,170.8,171.63,"73,01,633"
04-06-2022,179.39,182.6,178.62,182.23,"1,03,30,890"
05-06-2022,175.14,176.87,174.69,176.37,"64,34,011"
01-07-2022,171.46,174.3,171.13,173.95,"69,86,006"
02-07-2022,171.41,171.74,170.01,171.06,"60,65,670"
03-07-2022,168.3,173.12,167.36,172.21,"1,16,63,350"
04-07-2022,181.67,182.95,180.23,181.76,"73,85,179"
02-08-2022,171.02,172.05,170.48,171.51,"62,96,300"
03-08-2022,172.04,173.12,168.51,168.72,"1,11,00,340"
04-08-2022,181.33,183.19,180.43,182.12,"71,44,608"
02-09-2022,172.07,172.24,171.25,171.49,"53,87,540"
03-09-2022,170.01,170.23,167.89,169.36,"72,48,218"
05-09-2022,175.45,178.56,174.59,177.33,"78,55,212"
01-10-2022,173.69,173.69,172.16,173.09,"76,98,444"
02-10-2022,171.21,171.22,169.3,169.42,"1,03,55,350"
03-10-2022,168.56,170.15,168.08,169.66,"61,71,649"
05-10-2022,178.23,179.18,176.5,177.09,"81,86,717"
01-11-2022,172.99,173.39,170.11,171.25,"83,41,067"
02-11-2022,169.12,170.15,167.54,167.71,"1,31,25,330"
03-11-2022,169.13,171.46,169.02,169.35,"51,88,196"
04-11-2022,183,184.2,179.6,179.84,"59,32,040"
05-11-2022,175.96,178.32,175.88,176.13,"61,38,896"
01-12-2022,169.61,170.08,168.34,169.79,"81,16,205"
04-12-2022,179.2,180.81,178.2,179.9,"59,57,536"
05-12-2022,176.47,177.95,174.71,177.87,"68,98,565"
01/13/2022,169,170.42,168.46,168.76,"61,59,444"
01/14/2022,168.63,168.65,167.15,167.84,"58,47,839"
01/18/2022,167.1,167.72,166.01,167.1,"78,15,939"
01/19/2022,167.2,168.72,166.32,166.58,"59,26,454"
01/20/2022,167.29,167.86,164.93,165.25,"60,11,300"
01/21/2022,166.19,167.99,164.47,164.87,"1,05,50,300"
01/24/2022,164,164.17,158.26,162.97,"1,40,87,600"
01/25/2022,162.36,168.41,161.58,167.63,"1,40,81,250"
01/26/2022,167.54,169.22,166.23,168.38,"99,63,229"
01/27/2022,169.39,171.91,169,170.59,"90,68,738"
01/28/2022,170.86,171.84,169.3,171.79,"97,83,217"
01/31/2022,171.5,172.62,170.82,172.29,"80,54,895"
02/14/2022,167.71,167.97,163.81,165.6,"89,67,638"
02/15/2022,166.13,168.1,166.01,167.31,"66,32,823"
02/16/2022,166.49,167.84,165.71,167.21,"84,82,618"
02/17/2022,167.21,167.45,164.92,166.19,"62,27,569"
02/18/2022,164.98,165.36,162.94,163.36,"64,23,165"
02/22/2022,163.58,163.74,160.44,161.14,"68,68,893"
02/23/2022,161.51,162.64,160.85,161.22,"80,16,903"
02/24/2022,159.78,160.13,155.72,158.14,"1,28,83,440"
02/25/2022,160,166.99,159.7,166,"1,13,40,350"
02/28/2022,162.87,165.18,162.38,164.57,"93,73,511"
03/14/2022,170.68,174.12,170.35,171.69,"77,29,453"
03/15/2022,173.33,176.52,172.55,176.14,"1,05,54,600"
03/16/2022,175.46,176.95,172.56,174.52,"96,03,324"
03/17/2022,175.21,176.84,174.2,176.8,"74,72,219"
03/18/2022,177,177,173.66,174.84,"1,38,09,540"
03/21/2022,174.66,177.16,174.32,175.83,"75,74,873"
03/22/2022,175.83,176.37,173.91,175,"84,42,113"
03/23/2022,175.23,175.54,174.09,174.34,"52,54,350"
03/24/2022,175,175.54,174.07,175.24,"50,12,277"
03/25/2022,175.69,177.7,175.22,176.92,"48,09,977"
03/28/2022,176.65,178.18,176.35,177.83,"56,04,162"
03/29/2022,178.62,179.4,176.8,177.74,"59,33,444"
03/30/2022,178.44,179.86,177.68,179.59,"62,77,556"
03/31/2022,179.59,180.21,176.98,177.23,"1,14,90,400"
04/13/2022,179.9,180.84,179.24,180.66,"56,43,118"
04/14/2022,180,181.4,179.73,179.9,"61,88,193"
04/18/2022,179.73,180.39,176.74,177.66,"63,18,656"
04/19/2022,180.72,185.94,179.95,183.08,"1,43,80,840"
04/20/2022,182.24,184.32,181.9,183.89,"80,44,908"
04/21/2022,183.93,184.87,182.56,183.36,"69,69,405"
04/22/2022,182.47,183.15,181.38,181.54,"80,03,593"
04/25/2022,182.34,186.69,182.1,186.01,"1,11,76,500"
04/26/2022,185.1,186.57,184.18,184.68,"1,01,90,020"
04/27/2022,184.24,184.82,181.74,182.1,"1,10,90,330"
04/28/2022,182.25,184.5,181.92,183.46,"94,05,147"
04/29/2022,182.5,182.55,180.2,180.46,"84,64,103"
05/13/2022,178.7,178.89,175.8,176.85,"77,32,163"
05/16/2022,176.85,179.13,176.17,178.08,"55,16,706"
